id;title;category;servings;total_kcal;total_protein;total_carbs;total_fat;kcal_per_serving;protein_per_serving;carbs_per_serving;fat_per_serving;missing_food_refs
greek_salad;Salade grecque;Entrée;2;434.8;15.4;24.0;32.8;217.4;7.7;12.0;16.4;
tomato_mozza;Tomate mozzarella;Entrée;2;454.9;25.2;14.2;34.4;227.4;12.6;7.1;17.2;
hummus;Houmous maison;Entrée;4;1249.1;53.4;163.0;47.6;312.3;13.4;40.8;11.9;
lentil_salad;Salade de lentilles;Entrée;4;985.9;56.5;156.5;18.3;246.5;14.1;39.1;4.6;
tuna_avocado;Avocat au thon;Entrée;2;584.3;45.5;24.7;37.6;292.2;22.7;12.4;18.8;
egg_mimosa;Œufs mimosa;Entrée;2;529.3;25.9;2.2;45.6;264.6;13.0;1.1;22.8;
zucchini_soup;Velouté de courgettes;Entrée;4;374.6;13.4;59.6;11.1;93.7;3.3;14.9;2.8;
bruschetta;Bruschetta tomate;Entrée;4;882.3;25.0;132.7;28.4;220.6;6.2;33.2;7.1;
tabbouleh;Taboulé;Entrée;4;1081.5;31.8;189.2;22.1;270.4;7.9;47.3;5.5;
carrot_salad;Carottes râpées citron;Entrée;4;357.4;5.4;53.1;16.5;89.3;1.4;13.3;4.1;
cucumber_yogurt;Concombre au yaourt;Entrée;4;318.1;23.6;28.6;14.6;79.5;5.9;7.1;3.6;
broccoli_salad;Salade brocoli feta;Entrée;4;806.9;37.0;48.5;58.4;201.7;9.3;12.1;14.6;
salmon_toast;Toast saumon fumé;Entrée;4;878.7;69.8;106.0;20.7;219.7;17.5;26.5;5.2;
stuffed_mushrooms;Champignons farcis ricotta;Entrée;4;684.0;51.0;23.5;46.5;171.0;12.8;5.9;11.6;
cauliflower_soup;Velouté chou-fleur;Entrée;4;431.1;18.4;72.6;11.2;107.8;4.6;18.2;2.8;
chicken_curry;Poulet curry riz;Plat;4;2753.2;172.9;262.3;110.8;688.3;43.2;65.6;27.7;
salmon_rice;Saumon riz brocoli;Plat;2;1375.0;83.0;147.1;49.9;687.5;41.5;73.5;24.9;
beef_lasagna;Lasagnes bolognaise;Plat;6;3282.9;258.4;311.5;105.0;547.1;43.1;51.9;17.5;
chili_con_carne;Chili con carne;Plat;4;2813.6;205.8;426.6;33.9;703.4;51.5;106.7;8.5;
chili_sin_carne;Chili sin carne;Plat;4;2945.4;151.1;575.9;12.1;736.3;37.8;144.0;3.0;
carbonara;Pâtes carbonara;Plat;4;2643.9;138.2;292.9;99.7;661.0;34.5;73.2;24.9;
bolognese;Spaghetti bolognaise;Plat;4;2426.4;167.0;333.9;42.8;606.6;41.8;83.5;10.7;
mushroom_risotto;Risotto champignons;Plat;4;1753.0;62.5;276.3;43.8;438.2;15.6;69.1;10.9;
red_lentil_dahl;Dahl de lentilles corail;Plat;4;2775.8;114.1;432.1;72.5;693.9;28.5;108.0;18.1;
chickpea_curry;Curry de pois chiches;Plat;4;2816.9;98.6;409.9;93.8;704.2;24.6;102.5;23.4;
beef_tacos;Tacos maison;Plat;4;2446.4;169.5;197.1;109.1;611.6;42.4;49.3;27.3;
chicken_wrap;Wrap poulet avocat;Plat;4;2045.4;156.4;198.6;70.0;511.4;39.1;49.6;17.5;
salmon_poke;Poke saumon avocat;Plat;2;1469.0;77.9;145.4;63.8;734.5;38.9;72.7;31.9;
lorraine_quiche;Quiche lorraine;Plat;6;3660.2;131.7;204.2;252.9;610.0;21.9;34.0;42.1;
dauphinois;Gratin dauphinois;Plat;6;2382.9;82.0;245.1;115.8;397.2;13.7;40.9;19.3;
shepherds_pie;Hachis parmentier;Plat;6;2715.3;211.7;233.7;101.8;452.6;35.3;38.9;17.0;
basque_chicken;Poulet basquaise;Plat;4;2301.4;195.7;282.0;38.8;575.4;48.9;70.5;9.7;
asian_beef;Bœuf sauté asiatique;Plat;4;2046.5;152.2;274.5;37.8;511.6;38.1;68.6;9.4;
stir_fry_noodles;Nouilles sautées poulet;Plat;4;2016.8;165.6;285.1;20.0;504.2;41.4;71.3;5.0;
couscous_chicken;Couscous poulet légumes;Plat;6;3856.5;298.4;560.0;41.2;642.8;49.7;93.3;6.9;
homemade_burger;Burger maison;Plat;4;2612.0;183.9;315.4;65.7;653.0;46.0;78.9;16.4;
spanish_omelette;Tortilla pommes de terre;Plat;4;1523.0;78.3;137.2;73.3;380.8;19.6;34.3;18.3;
pesto_chicken_pasta;Pâtes pesto poulet;Plat;4;2791.5;189.3;303.1;86.7;697.9;47.3;75.8;21.7;
baked_salmon;Saumon au four légumes;Plat;4;2128.4;146.4;155.3;100.9;532.1;36.6;38.8;25.2;
quinoa_bowl;Bowl quinoa légumes feta;Plat;4;2429.3;104.0;338.0;77.2;607.3;26.0;84.5;19.3;
tofu_stirfry;Tofu sauté riz légumes;Plat;4;2063.9;129.7;287.6;55.8;516.0;32.4;71.9;13.9;
turkey_meatballs;Boulettes de dinde tomate;Plat;4;2470.0;228.2;289.4;39.8;617.5;57.1;72.4;10.0;
cod_potatoes;Cabillaud pommes de terre;Plat;4;1538.4;142.6;189.2;26.4;384.6;35.7;47.3;6.6;
shrimp_rice;Riz sauté crevettes;Plat;4;2009.8;162.1;293.7;21.2;502.5;40.5;73.4;5.3;
stuffed_zucchini;Courgettes farcies;Plat;4;2130.2;171.5;224.6;60.0;532.5;42.9;56.1;15.0;
pancakes;Pancakes;Dessert & Encas;4;1534.2;54.7;239.0;37.8;383.6;13.7;59.8;9.4;
overnight_oats;Overnight oats;Dessert & Encas;1;491.5;28.8;78.1;7.8;491.5;28.8;78.1;7.8;
banana_bread;Banana bread;Dessert & Encas;8;2185.7;46.1;321.6;82.4;273.2;5.8;40.2;10.3;
cookies;Cookies chocolat;Dessert & Encas;12;3154.2;49.3;358.2;168.9;262.8;4.1;29.8;14.1;
chocolate_mousse;Mousse au chocolat;Dessert & Encas;4;1553.5;47.1;93.5;109.0;388.4;11.8;23.4;27.2;
apple_crumble;Crumble aux pommes;Dessert & Encas;6;2159.4;20.1;326.6;92.5;359.9;3.3;54.4;15.4;
skyr_berries;Skyr fruits rouges;Dessert & Encas;1;342.2;32.2;36.5;8.6;342.2;32.2;36.5;8.6;
skyr_granola;Bowl skyr granola;Dessert & Encas;1;523.5;34.2;78.1;9.5;523.5;34.2;78.1;9.5;
energy_balls;Energy balls cacao;Dessert & Encas;10;1610.7;58.2;197.9;79.3;161.1;5.8;19.8;7.9;
porridge;Porridge banane;Dessert & Encas;1;582.7;22.6;91.4;16.4;582.7;22.6;91.4;16.4;
brownie;Brownie chocolat;Dessert & Encas;9;3644.2;62.8;299.2;248.2;404.9;7.0;33.2;27.6;
apple_compote;Compote pomme cannelle;Dessert & Encas;4;536.2;2.9;143.1;1.8;134.1;0.7;35.8;0.5;
chia_pudding;Pudding de chia;Dessert & Encas;2;575.6;22.9;70.5;24.6;287.8;11.5;35.2;12.3;
protein_pancakes;Pancakes skyr banane;Dessert & Encas;2;794.8;49.9;102.1;21.4;397.4;25.0;51.1;10.7;
pear_chocolate;Poire chocolat amandes;Dessert & Encas;2;649.0;10.6;83.1;34.1;324.5;5.3;41.5;17.1;
